controller,n,seed,placed,completed,mwt,mean_time_loss
fixed,50,0,50,50,26.04,44.51039999999999
fixed,50,1,50,50,22.58,40.756600000000006
fixed,50,2,50,50,27.74,45.821400000000004
fixed,100,0,100,100,22.77,40.95450000000001
fixed,100,1,100,100,23.21,42.0264
fixed,100,2,100,100,29.66,49.3476
fixed,200,0,200,200,25.03,44.888500000000015
fixed,200,1,200,200,26.82,47.211900000000014
fixed,200,2,200,200,31.2,52.00829999999999
fixed,300,0,300,300,26.006666666666668,47.087800000000016
fixed,300,1,300,300,30.513333333333332,52.98806666666669
fixed,300,2,300,300,31.363333333333333,53.27246666666664
fixed,450,0,450,450,40.32222222222222,67.16500000000006
fixed,450,1,450,450,44.19777777777778,71.57115555555556
fixed,450,2,450,450,35.66444444444444,60.73615555555557
fixed,600,0,600,600,52.08,85.92359999999996
fixed,600,1,600,600,63.343333333333334,100.05626666666657
fixed,600,2,600,600,60.685,98.23086666666664
fixed,800,0,800,520,95.25192307692308,147.0980961538462
fixed,800,1,800,758,190.4736147757256,285.66887862796835
fixed,800,2,800,438,112.35616438356165,170.25305936073067
fixed,1000,0,1000,433,161.32794457274827,235.26870669745946
fixed,1000,1,1000,344,106.73546511627907,163.31502906976755
fixed,1000,2,1000,340,120.27941176470588,180.69047058823529
fixed,1300,0,1300,186,96.0,142.37032258064514
fixed,1300,1,1300,189,107.74603174603175,165.31476190476198
fixed,1300,2,1300,163,122.58282208588957,177.76349693251535
fixed,1700,0,1700,145,86.51724137931035,130.69862068965517
fixed,1700,1,1700,114,83.41228070175438,130.42526315789473
fixed,1700,2,1700,113,94.3716814159292,146.64690265486723
actuated,50,0,50,50,13.82,32.711400000000005
actuated,50,1,50,50,8.06,24.83180000000001
actuated,50,2,50,50,12.7,30.785400000000003
actuated,100,0,100,100,13.39,31.945000000000007
actuated,100,1,100,100,16.46,36.27549999999999
actuated,100,2,100,100,10.79,28.477699999999995
actuated,200,0,200,200,17.215,37.22889999999999
actuated,200,1,200,200,25.2,47.46289999999999
actuated,200,2,200,200,29.555,51.792899999999975
actuated,300,0,300,300,31.243333333333332,55.27783333333333
actuated,300,1,300,300,55.846666666666664,85.32056666666666
actuated,300,2,300,300,25.663333333333334,48.676166666666695
actuated,450,0,450,450,63.29333333333334,100.5813111111111
actuated,450,1,450,450,69.08222222222223,110.86555555555562
actuated,450,2,450,450,81.58888888888889,124.38433333333333
actuated,600,0,600,573,174.2216404886562,258.8929319371729
actuated,600,1,600,597,116.09715242881072,183.77644891122276
actuated,600,2,600,595,122.45210084033613,186.62670588235295
actuated,800,0,800,593,260.752107925801,373.9617200674535
actuated,800,1,800,618,213.8527508090615,322.32197411003216
actuated,800,2,800,597,252.8073701842546,366.9891289782243
actuated,1000,0,1000,231,147.9090909090909,212.49194805194816
actuated,1000,1,1000,301,168.43189368770763,252.0812292358803
actuated,1000,2,1000,267,226.04868913857678,318.6586891385768
actuated,1300,0,1300,168,122.91666666666667,191.6397023809524
actuated,1300,1,1300,145,134.94482758620688,193.86220689655173
actuated,1300,2,1300,129,141.87596899224806,203.78883720930236
actuated,1700,0,1700,95,66.4421052631579,112.9746315789474
actuated,1700,1,1700,111,105.72072072072072,161.25639639639635
actuated,1700,2,1700,79,60.70886075949367,103.3178481012658
max_pressure,50,0,50,50,5.78,23.6864
max_pressure,50,1,50,50,6.48,22.281399999999998
max_pressure,50,2,50,50,7.1,24.686400000000003
max_pressure,100,0,100,100,6.82,24.22510000000001
max_pressure,100,1,100,100,7.4,25.384400000000007
max_pressure,100,2,100,100,7.36,24.651199999999996
max_pressure,200,0,200,200,7.19,25.18449999999998
max_pressure,200,1,200,200,7.745,26.77289999999999
max_pressure,200,2,200,200,9.06,27.65219999999999
max_pressure,300,0,300,300,9.13,28.999399999999998
max_pressure,300,1,300,300,9.76,30.3397
max_pressure,300,2,300,300,10.28,30.001600000000018
max_pressure,450,0,450,450,14.9,38.23673333333339
max_pressure,450,1,450,450,16.351111111111113,40.645955555555595
max_pressure,450,2,450,450,12.917777777777777,35.64597777777777
max_pressure,600,0,600,600,24.616666666666667,54.927150000000005
max_pressure,600,1,600,600,23.935,53.73919999999997
max_pressure,600,2,600,600,34.16833333333334,72.54853333333332
max_pressure,800,0,800,800,71.5275,142.23586249999994
max_pressure,800,1,800,797,69.57089084065245,138.4232622333752
max_pressure,800,2,800,764,116.0,232.4466753926701
max_pressure,1000,0,1000,930,196.76774193548388,367.8054946236563
max_pressure,1000,1,1000,935,149.57326203208555,311.4729304812831
max_pressure,1000,2,1000,726,236.35537190082644,392.6510055096422
max_pressure,1300,0,1300,282,111.2482269503546,204.4617730496454
max_pressure,1300,1,1300,250,94.688,174.81659999999994
max_pressure,1300,2,1300,304,135.30921052631578,238.7548026315789
max_pressure,1700,0,1700,150,99.60666666666667,173.6104666666666
max_pressure,1700,1,1700,150,80.14,151.2095333333333
max_pressure,1700,2,1700,129,119.75193798449612,198.4422480620155
qlearning,50,0,50,50,7.36,25.868
qlearning,50,1,50,50,6.88,23.790399999999998
qlearning,50,2,50,50,7.0,24.267
qlearning,100,0,100,100,7.34,25.527
qlearning,100,1,100,100,7.47,25.670199999999994
qlearning,100,2,100,100,6.87,24.511699999999998
qlearning,200,0,200,200,8.27,27.055900000000015
qlearning,200,1,200,200,8.55,28.13344999999998
qlearning,200,2,200,200,8.32,27.331049999999994
qlearning,300,0,300,300,10.78,31.335166666666694
qlearning,300,1,300,300,9.353333333333333,29.606733333333327
qlearning,300,2,300,300,9.016666666666667,28.464100000000006
qlearning,450,0,450,450,16.017777777777777,39.73615555555553
qlearning,450,1,450,450,13.977777777777778,37.537488888888895
qlearning,450,2,450,450,12.953333333333333,35.7678222222222
qlearning,600,0,600,600,23.758333333333333,54.34411666666667
qlearning,600,1,600,600,26.588333333333335,57.20791666666669
qlearning,600,2,600,600,33.51833333333333,74.99406666666658
qlearning,800,0,800,788,92.21573604060913,177.2220812182741
qlearning,800,1,800,787,78.46124523506988,159.98783989834806
qlearning,800,2,800,777,93.80823680823681,182.34895752895747
qlearning,1000,0,1000,564,125.58687943262412,215.23608156028382
qlearning,1000,1,1000,484,114.77066115702479,205.65097107438032
qlearning,1000,2,1000,789,246.3891001267427,407.752433460076
qlearning,1300,0,1300,246,113.47154471544715,190.63658536585368
qlearning,1300,1,1300,230,92.7695652173913,164.51260869565218
qlearning,1300,2,1300,284,120.7394366197183,206.23598591549288
qlearning,1700,0,1700,147,80.56462585034014,145.70367346938772
qlearning,1700,1,1700,148,62.189189189189186,119.0048648648649
qlearning,1700,2,1700,156,91.7051282051282,164.4186538461538
