controller,n,seed,placed,completed,mwt,mean_time_loss,mean_in_system,departed,action_hold,action_expert,action_override
fixed,50,0,50,50,26.04,44.5104,4.3213988343047465,50,0,0,0
fixed,50,1,50,50,22.58,40.7566,4.414654454621149,50,0,0,0
fixed,50,2,50,50,27.74,45.821400000000004,4.434637801831807,50,0,0,0
fixed,50,3,50,50,21.56,38.786,4.046627810158202,50,0,0,0
fixed,50,4,50,50,26.62,45.791199999999996,4.358034970857618,50,0,0,0
fixed,50,5,50,50,22.52,39.147800000000004,3.7410491257285594,50,0,0,0
fixed,50,6,50,50,23.9,41.055600000000005,3.8825978351373855,50,0,0,0
fixed,50,7,50,50,23.4,41.012,4.084929225645295,50,0,0,0
fixed,50,8,50,50,17.72,33.848,3.754371357202331,50,0,0,0
fixed,50,9,50,50,23.76,41.3288,3.860949208992506,50,0,0,0
fixed,100,0,100,100,22.77,40.954499999999996,8.058284762697753,100,0,0,0
fixed,100,1,100,100,23.21,42.0264,8.680266444629476,100,0,0,0
fixed,100,2,100,100,29.66,49.3476,8.58368026644463,100,0,0,0
fixed,100,3,100,100,25.01,43.53229999999999,8.274771024146544,100,0,0,0
fixed,100,4,100,100,24.4,43.809200000000004,8.601165695253956,100,0,0,0
fixed,100,5,100,100,22.58,40.634699999999995,8.0774354704413,100,0,0,0
fixed,100,6,100,100,26.87,45.8249,8.398834304746044,100,0,0,0
fixed,100,7,100,100,21.75,39.9756,8.154038301415486,100,0,0,0
fixed,100,8,100,100,17.18,33.6427,7.288925895087427,100,0,0,0
fixed,100,9,100,100,22.8,40.7099,7.607826810990841,100,0,0,0
fixed,200,0,200,200,25.03,44.8885,16.713572023313905,200,0,0,0
fixed,200,1,200,200,26.82,47.21189999999999,17.174021648626145,200,0,0,0
fixed,200,2,200,200,31.2,52.0083,17.930890924229807,200,0,0,0
fixed,200,3,200,200,28.88,48.89810000000001,17.299750208159868,200,0,0,0
fixed,200,4,200,200,24.03,43.8263,16.930058284762698,200,0,0,0
fixed,200,5,200,200,24.32,43.55455,16.340549542048294,200,0,0,0
fixed,200,6,200,200,29.33,49.64135,17.371357202331392,200,0,0,0
fixed,200,7,200,200,25.26,45.22905,16.89758534554538,200,0,0,0
fixed,200,8,200,200,23.77,43.0268,16.383014154870942,200,0,0,0
fixed,200,9,200,200,24.06,43.1516,15.37052456286428,200,0,0,0
fixed,300,0,300,300,26.006666666666668,47.0878,26.07660283097419,300,0,0,0
fixed,300,1,300,300,30.513333333333332,52.98806666666667,27.321398834304745,300,0,0,0
fixed,300,2,300,300,31.363333333333333,53.272466666666666,27.139050791007495,300,0,0,0
fixed,300,3,300,300,33.416666666666664,56.3947,27.701082431307245,300,0,0,0
fixed,300,4,300,300,29.28,50.90286666666667,26.66278101582015,300,0,0,0
fixed,300,5,300,300,30.416666666666668,52.6586,26.581182348043296,300,0,0,0
fixed,300,6,300,300,30.37,52.74763333333333,26.874271440466277,300,0,0,0
fixed,300,7,300,300,30.283333333333335,52.4572,26.322231473771858,300,0,0,0
fixed,300,8,300,300,27.29,48.51306666666667,25.746044962531222,300,0,0,0
fixed,300,9,300,300,28.593333333333334,49.600633333333334,24.73938384679434,300,0,0,0
fixed,450,0,450,450,40.32222222222222,67.165,46.02581182348043,450,0,0,0
fixed,450,1,450,450,44.19777777777778,71.57115555555556,47.014154870940885,450,0,0,0
fixed,450,2,450,450,35.66444444444444,60.736155555555555,43.73272273105745,450,0,0,0
fixed,450,3,450,450,42.766666666666666,70.81955555555555,46.77851790174854,450,0,0,0
fixed,450,4,450,450,40.96222222222222,66.65937777777778,44.96752706078268,450,0,0,0
fixed,450,5,450,450,34.53777777777778,59.992577777777775,42.16236469608659,450,0,0,0
fixed,450,6,450,450,40.05555555555556,67.37911111111111,46.208159866777684,450,0,0,0
fixed,450,7,450,450,35.14222222222222,60.04062222222222,41.74604496253122,450,0,0,0
fixed,450,8,450,450,34.48444444444444,60.33566666666667,43.13655287260616,450,0,0,0
fixed,450,9,450,450,36.09777777777778,61.08508888888889,41.68526228143214,450,0,0,0
fixed,600,0,600,600,52.08,85.92360000000001,70.47377185678602,600,0,0,0
fixed,600,1,600,600,63.343333333333334,100.05626666666667,76.57618651124064,600,0,0,0
fixed,600,2,600,600,60.685,98.23086666666666,77.11823480432973,600,0,0,0
fixed,600,3,600,600,64.53833333333333,102.06165,77.35970024979184,600,0,0,0
fixed,600,4,600,600,59.33833333333333,93.39281666666668,73.21149042464613,600,0,0,0
fixed,600,5,600,600,55.501666666666665,89.69395,70.64363030807661,600,0,0,0
fixed,600,6,600,600,60.59166666666667,96.0584,75.0774354704413,600,0,0,0
fixed,600,7,600,600,60.04333333333334,96.63199999999999,74.23480432972524,600,0,0,0
fixed,600,8,600,600,66.29833333333333,106.21556666666666,79.85262281432139,600,0,0,0
fixed,600,9,600,600,58.20666666666666,93.6685,70.5736885928393,600,0,0,0
fixed,800,0,800,520,95.25192307692308,147.09809615384614,180.6427976686095,748,0,0,0
fixed,800,1,800,758,190.4736147757256,285.66887862796835,199.68442964196504,758,0,0,0
fixed,800,2,800,438,112.35616438356165,170.2530593607306,214.84679433805164,740,0,0,0
fixed,800,3,800,423,110.73995271867612,168.68243498817966,230.729392173189,727,0,0,0
fixed,800,4,800,774,109.39793281653746,169.66138242894058,142.270607826811,774,0,0,0
fixed,800,5,800,775,155.97677419354838,243.46516129032258,181.56286427976687,775,0,0,0
fixed,800,6,800,750,190.30533333333332,280.74925333333334,193.80849292256454,750,0,0,0
fixed,800,7,800,770,156.08051948051948,238.25907792207792,176.98667776852622,770,0,0,0
fixed,800,8,800,759,177.35573122529644,265.4215678524374,187.02914238134886,759,0,0,0
fixed,800,9,800,760,184.30921052631578,269.71628947368424,191.41548709408826,760,0,0,0
fixed,1000,0,1000,433,161.32794457274827,235.2687066974596,302.4879267277269,826,0,0,0
fixed,1000,1,1000,344,106.73546511627907,163.31502906976746,320.00166527893424,799,0,0,0
fixed,1000,2,1000,340,120.27941176470588,180.6904705882353,323.91840133222314,796,0,0,0
fixed,1000,3,1000,281,104.40213523131672,160.45889679715302,353.8859283930058,763,0,0,0
fixed,1000,4,1000,424,130.69103773584905,194.09747641509435,297.07493755203996,839,0,0,0
fixed,1000,5,1000,417,167.49880095923263,245.00968824940045,321.05079100749373,847,0,0,0
fixed,1000,6,1000,332,113.23493975903614,169.77840361445783,329.64696086594506,808,0,0,0
fixed,1000,7,1000,399,121.3157894736842,184.12588972431075,302.3730224812656,830,0,0,0
fixed,1000,8,1000,578,216.40138408304497,296.93929065743947,285.4804329725229,862,0,0,0
fixed,1000,9,1000,371,122.94339622641509,182.1765498652291,302.2073272273106,793,0,0,0
fixed,1300,0,1300,186,96.0,142.37032258064517,435.992506244796,756,0,0,0
fixed,1300,1,1300,189,107.74603174603175,165.31476190476192,444.05079100749373,761,0,0,0
fixed,1300,2,1300,163,122.58282208588957,177.76349693251535,474.0399666944213,762,0,0,0
fixed,1300,3,1300,184,92.3804347826087,136.17983695652174,453.4820982514571,759,0,0,0
fixed,1300,4,1300,289,109.97231833910034,172.00048442906575,418.41548709408823,846,0,0,0
fixed,1300,5,1300,224,93.22767857142857,141.55133928571428,437.67110741049123,802,0,0,0
fixed,1300,6,1300,222,120.36036036036036,183.61909909909912,434.87094088259784,782,0,0,0
fixed,1300,7,1300,233,110.32618025751073,165.926008583691,438.84762697751876,798,0,0,0
fixed,1300,8,1300,318,110.71069182389937,169.88622641509434,415.6236469608659,863,0,0,0
fixed,1300,9,1300,255,116.31764705882352,176.13317647058824,423.992506244796,815,0,0,0
fixed,1700,0,1700,145,86.51724137931035,130.69862068965517,503.6860949208992,747,0,0,0
fixed,1700,1,1700,114,83.41228070175438,130.42526315789473,521.4496253122398,719,0,0,0
fixed,1700,2,1700,113,94.3716814159292,146.64690265486723,529.6253122398002,719,0,0,0
fixed,1700,3,1700,131,70.96946564885496,111.01358778625955,516.8359700249791,734,0,0,0
fixed,1700,4,1700,164,104.60975609756098,166.97585365853658,507.84929225645294,765,0,0,0
fixed,1700,5,1700,131,68.38167938931298,106.69473282442748,519.5370524562865,736,0,0,0
fixed,1700,6,1700,131,72.22900763358778,114.53656488549619,508.44296419650294,728,0,0,0
fixed,1700,7,1700,130,79.87692307692308,124.47176923076923,517.4937552039967,732,0,0,0
fixed,1700,8,1700,157,92.65605095541402,143.97267515923565,515.233139050791,762,0,0,0
fixed,1700,9,1700,132,92.29545454545455,141.71939393939394,519.3413821815154,732,0,0,0
actuated,50,0,50,50,13.82,32.7114,3.8193172356369693,50,0,0,0
actuated,50,1,50,50,8.06,24.831799999999998,3.7676935886761034,50,0,0,0
actuated,50,2,50,50,12.7,30.7854,3.880932556203164,50,0,0,0
actuated,50,3,50,50,4.84,21.652199999999997,3.4221482098251457,50,0,0,0
actuated,50,4,50,50,8.44,26.3456,3.603663613655287,50,0,0,0
actuated,50,5,50,50,11.18,28.4604,3.3039134054954205,50,0,0,0
actuated,50,6,50,50,8.16,25.096799999999998,3.1948376353039136,50,0,0,0
actuated,50,7,50,50,5.34,22.4444,3.379683597002498,50,0,0,0
actuated,50,8,50,50,5.98,21.953200000000002,3.2656119900083262,50,0,0,0
actuated,50,9,50,50,11.94,29.897,3.3721898417985012,50,0,0,0
actuated,100,0,100,100,13.39,31.945,7.341382181515404,100,0,0,0
actuated,100,1,100,100,16.46,36.2755,8.240632805995004,100,0,0,0
actuated,100,2,100,100,10.79,28.4777,7.073272273105745,100,0,0,0
actuated,100,3,100,100,10.62,28.395,7.221482098251457,100,0,0,0
actuated,100,4,100,100,8.47,26.2327,7.174854288093256,100,0,0,0
actuated,100,5,100,100,7.59,25.6873,6.945045795170691,100,0,0,0
actuated,100,6,100,100,8.16,25.7883,6.7851790174854285,100,0,0,0
actuated,100,7,100,100,15.27,34.4427,7.746877601998334,100,0,0,0
actuated,100,8,100,100,8.11,24.9047,6.56203164029975,100,0,0,0
actuated,100,9,100,100,11.95,30.0834,6.743547044129892,100,0,0,0
actuated,200,0,200,200,17.215,37.228899999999996,15.43796835970025,200,0,0,0
actuated,200,1,200,200,25.2,47.4629,17.184013322231475,200,0,0,0
actuated,200,2,200,200,29.555,51.7929,18.20233139050791,200,0,0,0
actuated,200,3,200,200,20.805,41.656549999999996,16.326394671107412,200,0,0,0
actuated,200,4,200,200,22.975,43.1562,16.8451290591174,200,0,0,0
actuated,200,5,200,200,15.62,34.6381,15.18068276436303,200,0,0,0
actuated,200,6,200,200,19.91,40.48095,15.982514571190675,200,0,0,0
actuated,200,7,200,200,23.535,45.08185,16.913405495420484,200,0,0,0
actuated,200,8,200,200,17.295,37.688,15.686927560366362,200,0,0,0
actuated,200,9,200,200,22.805,43.804449999999996,15.574521232306411,200,0,0,0
actuated,300,0,300,300,31.243333333333332,55.27783333333333,28.096586178184847,300,0,0,0
actuated,300,1,300,300,55.846666666666664,85.32056666666668,35.32639467110741,300,0,0,0
actuated,300,2,300,300,25.663333333333334,48.67616666666667,26.4496253122398,300,0,0,0
actuated,300,3,300,300,36.913333333333334,62.580666666666666,29.229808492922565,300,0,0,0
actuated,300,4,300,300,28.666666666666668,51.6973,26.92922564529559,300,0,0,0
actuated,300,5,300,300,23.35,46.08403333333333,25.16902581182348,300,0,0,0
actuated,300,6,300,300,22.44,45.024766666666665,24.986677768526228,300,0,0,0
actuated,300,7,300,300,30.696666666666665,54.437333333333335,27.148209825145713,300,0,0,0
actuated,300,8,300,300,35.85666666666667,61.18326666666667,28.934221482098252,300,0,0,0
actuated,300,9,300,300,26.65,50.12263333333333,25.07577019150708,300,0,0,0
actuated,450,0,450,450,63.29333333333334,100.58131111111112,58.69858451290591,450,0,0,0
actuated,450,1,450,450,69.08222222222223,110.86555555555556,61.569525395503746,450,0,0,0
actuated,450,2,450,450,81.58888888888889,124.38433333333333,64.90008326394671,450,0,0,0
actuated,450,3,450,450,46.68888888888889,80.01562222222222,50.855953372189845,450,0,0,0
actuated,450,4,450,450,56.38,90.58942222222221,54.13238967527061,450,0,0,0
actuated,450,5,450,450,41.83777777777778,72.90297777777776,46.88592839300583,450,0,0,0
actuated,450,6,450,450,52.12444444444444,85.8878888888889,49.86094920899251,450,0,0,0
actuated,450,7,450,450,70.23777777777778,109.26277777777777,60.46128226477935,450,0,0,0
actuated,450,8,450,450,91.60666666666667,138.8208,72.0391340549542,450,0,0,0
actuated,450,9,450,446,86.74663677130044,130.83899103139015,65.49791840133223,446,0,0,0
actuated,600,0,600,573,174.2216404886562,258.89293193717276,135.1940049958368,573,0,0,0
actuated,600,1,600,597,116.09715242881072,183.77644891122276,109.47710241465445,597,0,0,0
actuated,600,2,600,595,122.45210084033613,186.62670588235295,105.80849292256453,596,0,0,0
actuated,600,3,600,580,136.8896551724138,206.13994827586205,117.66361365528726,592,0,0,0
actuated,600,4,600,590,138.4457627118644,209.28759322033898,121.11074104912574,590,0,0,0
actuated,600,5,600,595,111.82689075630252,180.29018487394958,111.31557035803498,595,0,0,0
actuated,600,6,600,596,104.88926174496645,169.43538590604027,110.72023313905079,596,0,0,0
actuated,600,7,600,591,131.09306260575295,202.05749576988154,114.40383014154871,591,0,0,0
actuated,600,8,600,565,209.3858407079646,309.1986548672566,154.9000832639467,565,0,0,0
actuated,600,9,600,579,166.21070811744386,252.2205354058722,137.14154870940882,579,0,0,0
actuated,800,0,800,593,260.752107925801,373.9617200674536,230.19900083263946,716,0,0,0
actuated,800,1,800,618,213.8527508090615,322.3219741100324,213.00999167360533,741,0,0,0
actuated,800,2,800,597,252.8073701842546,366.98912897822447,228.03746877601998,730,0,0,0
actuated,800,3,800,587,318.22998296422486,461.28931856899493,266.6128226477935,702,0,0,0
actuated,800,4,800,595,260.7579831932773,377.18351260504204,232.6819317235637,716,0,0,0
actuated,800,5,800,483,259.36853002070393,372.20757763975155,264.31973355537053,734,0,0,0
actuated,800,6,800,352,127.92897727272727,192.75505681818183,254.19150707743546,711,0,0,0
actuated,800,7,800,598,250.30769230769232,365.9392140468227,226.7826810990841,720,0,0,0
actuated,800,8,800,501,246.28542914171658,354.855628742515,244.89508742714403,694,0,0,0
actuated,800,9,800,726,228.12534435261708,342.30183195592286,209.5578684429642,729,0,0,0
actuated,1000,0,1000,231,147.9090909090909,212.49194805194804,366.43880099916737,747,0,0,0
actuated,1000,1,1000,301,168.43189368770763,252.0812292358804,343.7002497918401,771,0,0,0
actuated,1000,2,1000,267,226.04868913857678,318.6586891385768,372.99833472106576,765,0,0,0
actuated,1000,3,1000,398,280.40452261306535,392.705351758794,347.5437135720233,791,0,0,0
actuated,1000,4,1000,273,260.27838827838826,357.386043956044,355.0108243130724,722,0,0,0
actuated,1000,5,1000,261,155.88122605363984,225.88869731800764,352.71357202331393,740,0,0,0
actuated,1000,6,1000,234,193.98290598290598,276.56982905982903,371.20482930890927,733,0,0,0
actuated,1000,7,1000,398,162.1859296482412,247.43296482412063,310.74188176519567,828,0,0,0
actuated,1000,8,1000,346,177.17630057803467,258.1441040462428,332.1099084096586,789,0,0,0
actuated,1000,9,1000,359,148.49025069637884,229.81874651810583,324.1865112406328,804,0,0,0
actuated,1300,0,1300,168,122.91666666666667,191.6397023809524,457.8143213988343,758,0,0,0
actuated,1300,1,1300,145,134.94482758620688,193.86220689655173,463.09741881765194,737,0,0,0
actuated,1300,2,1300,129,141.87596899224806,203.7888372093023,470.83014154870943,726,0,0,0
actuated,1300,3,1300,166,95.25903614457832,149.79042168674698,452.14321398834306,728,0,0,0
actuated,1300,4,1300,199,136.9748743718593,211.35226130653265,448.6652789342215,783,0,0,0
actuated,1300,5,1300,148,101.1554054054054,150.83628378378378,463.46544546211493,744,0,0,0
actuated,1300,6,1300,113,163.12389380530973,227.03761061946904,471.52289758534556,716,0,0,0
actuated,1300,7,1300,173,120.2485549132948,180.97826589595377,466.91756869275605,771,0,0,0
actuated,1300,8,1300,209,81.01913875598086,136.51775119617224,439.6786011656952,775,0,0,0
actuated,1300,9,1300,229,149.3013100436681,226.1653711790393,442.53788509575355,807,0,0,0
actuated,1700,0,1700,95,66.4421052631579,112.97463157894737,518.2672772689425,698,0,0,0
actuated,1700,1,1700,111,105.72072072072072,161.25639639639638,526.9658617818485,713,0,0,0
actuated,1700,2,1700,79,60.70886075949367,103.31784810126582,531.2089925062448,685,0,0,0
actuated,1700,3,1700,102,65.90196078431373,107.43843137254902,526.4421315570359,705,0,0,0
actuated,1700,4,1700,92,114.1195652173913,170.63760869565218,520.9208992506245,694,0,0,0
actuated,1700,5,1700,103,114.10679611650485,161.01077669902912,521.7260616153205,707,0,0,0
actuated,1700,6,1700,84,101.96428571428571,153.52214285714285,530.4804329725229,687,0,0,0
actuated,1700,7,1700,149,97.96644295302013,163.39610738255033,515.1590341382182,745,0,0,0
actuated,1700,8,1700,109,51.79816513761468,91.60715596330276,516.2739383846795,715,0,0,0
actuated,1700,9,1700,110,123.94545454545455,184.0247272727273,526.7760199833472,712,0,0,0
max_pressure,50,0,50,50,5.78,23.6864,3.468776019983347,50,0,0,0
max_pressure,50,1,50,50,6.48,22.281399999999998,3.661948376353039,50,0,0,0
max_pressure,50,2,50,50,7.1,24.6864,3.646128226477935,50,0,0,0
max_pressure,50,3,50,50,6.88,24.340799999999998,3.496253122398002,50,0,0,0
max_pressure,50,4,50,50,5.84,23.1534,3.447127393838468,50,0,0,0
max_pressure,50,5,50,50,6.66,23.7604,3.1690258118234804,50,0,0,0
max_pressure,50,6,50,50,5.44,21.057199999999998,3.0882597835137386,50,0,0,0
max_pressure,50,7,50,50,7.12,24.659000000000002,3.462947543713572,50,0,0,0
max_pressure,50,8,50,50,6.6,22.6508,3.2872606161532056,50,0,0,0
max_pressure,50,9,50,50,6.08,22.742599999999996,3.1373855120732723,50,0,0,0
max_pressure,100,0,100,100,6.82,24.2251,6.67360532889259,100,0,0,0
max_pressure,100,1,100,100,7.4,25.3844,7.328059950041632,100,0,0,0
max_pressure,100,2,100,100,7.36,24.6512,6.766860949208993,100,0,0,0
max_pressure,100,3,100,100,8.01,25.9973,7.019983347210657,100,0,0,0
max_pressure,100,4,100,100,6.65,23.974,6.972522897585345,100,0,0,0
max_pressure,100,5,100,100,7.4,25.601,6.935886761032473,100,0,0,0
max_pressure,100,6,100,100,7.16,24.957800000000002,6.78601165695254,100,0,0,0
max_pressure,100,7,100,100,6.8,24.3067,6.873438800999168,100,0,0,0
max_pressure,100,8,100,100,6.62,23.289099999999998,6.476269775187344,100,0,0,0
max_pressure,100,9,100,100,7.21,24.7599,6.420482930890924,100,0,0,0
max_pressure,200,0,200,200,7.19,25.1845,13.375520399666945,200,0,0,0
max_pressure,200,1,200,200,7.745,26.7729,13.947543713572024,200,0,0,0
max_pressure,200,2,200,200,9.06,27.652199999999997,14.108243130724397,200,0,0,0
max_pressure,200,3,200,200,8.745,27.260949999999998,13.902581182348044,200,0,0,0
max_pressure,200,4,200,200,8.05,26.278000000000002,14.014154870940883,200,0,0,0
max_pressure,200,5,200,200,8.585,27.281999999999996,13.995004163197336,200,0,0,0
max_pressure,200,6,200,200,8.86,27.74345,13.911740216486262,200,0,0,0
max_pressure,200,7,200,200,8.32,27.310850000000002,14.078268109908409,200,0,0,0
max_pressure,200,8,200,200,7.475,25.837699999999998,13.743547044129892,200,0,0,0
max_pressure,200,9,200,200,8.955,27.2322,12.960865945045795,200,0,0,0
max_pressure,300,0,300,300,9.13,28.999399999999998,21.501248959200666,300,0,0,0
max_pressure,300,1,300,300,9.76,30.3397,21.82264779350541,300,0,0,0
max_pressure,300,2,300,300,10.28,30.0016,21.658617818484597,300,0,0,0
max_pressure,300,3,300,300,9.723333333333333,29.890833333333333,21.435470441298918,300,0,0,0
max_pressure,300,4,300,300,9.023333333333333,28.26676666666667,21.272273105745214,300,0,0,0
max_pressure,300,5,300,300,9.863333333333333,29.697366666666664,21.480432972522898,300,0,0,0
max_pressure,300,6,300,300,9.583333333333334,29.1887,21.134054954204828,300,0,0,0
max_pressure,300,7,300,300,10.213333333333333,30.451500000000003,21.21232306411324,300,0,0,0
max_pressure,300,8,300,300,10.01,29.70706666666667,21.210657785179016,300,0,0,0
max_pressure,300,9,300,300,9.27,28.887900000000002,20.095753538717734,300,0,0,0
max_pressure,450,0,450,450,14.9,38.23673333333333,35.39050791007494,450,0,0,0
max_pressure,450,1,450,450,16.351111111111113,40.64595555555556,35.751873438801,450,0,0,0
max_pressure,450,2,450,450,12.917777777777777,35.64597777777778,34.70857618651124,450,0,0,0
max_pressure,450,3,450,450,12.384444444444444,34.437711111111106,33.95253955037469,450,0,0,0
max_pressure,450,4,450,450,14.78,37.57397777777778,34.80849292256453,450,0,0,0
max_pressure,450,5,450,450,14.04,36.9716,33.87177352206495,450,0,0,0
max_pressure,450,6,450,450,14.215555555555556,37.49153333333333,35.313072439633636,450,0,0,0
max_pressure,450,7,450,450,14.144444444444444,37.029044444444445,33.659450457951706,450,0,0,0
max_pressure,450,8,450,450,13.284444444444444,35.64395555555556,34.26061615320566,450,0,0,0
max_pressure,450,9,450,450,15.524444444444445,38.16751111111111,33.69691923397169,450,0,0,0
max_pressure,600,0,600,600,24.616666666666667,54.927150000000005,55.539550374687764,600,0,0,0
max_pressure,600,1,600,600,23.935,53.739200000000004,54.27810158201499,600,0,0,0
max_pressure,600,2,600,600,34.16833333333334,72.54853333333334,64.48542880932557,600,0,0,0
max_pressure,600,3,600,600,28.35,61.12755,57.94171523730225,600,0,0,0
max_pressure,600,4,600,600,24.736666666666668,54.75865,54.52123230641132,600,0,0,0
max_pressure,600,5,600,600,27.035,57.951966666666664,55.21648626144879,600,0,0,0
max_pressure,600,6,600,600,22.283333333333335,51.8347,53.61365528726061,600,0,0,0
max_pressure,600,7,600,600,20.313333333333333,48.242383333333336,51.01248959200666,600,0,0,0
max_pressure,600,8,600,600,29.273333333333333,62.47396666666666,58.58368026644463,600,0,0,0
max_pressure,600,9,600,600,23.636666666666667,52.990383333333334,51.22564529558701,600,0,0,0
max_pressure,800,0,800,800,71.5275,142.2358625,129.37885095753538,800,0,0,0
max_pressure,800,1,800,797,69.57089084065245,138.42326223337514,127.8676103247294,797,0,0,0
max_pressure,800,2,800,764,116.0,232.44667539267016,172.766860949209,764,0,0,0
max_pressure,800,3,800,791,87.51706700379266,181.93812895069533,154.76436303080766,791,0,0,0
max_pressure,800,4,800,797,63.3375156838143,129.27930991217065,121.85345545378851,797,0,0,0
max_pressure,800,5,800,800,69.18375,141.2159125,129.3180682764363,800,0,0,0
max_pressure,800,6,800,791,77.50063211125158,155.39289506953224,138.55453788509575,791,0,0,0
max_pressure,800,7,800,797,68.46675031367629,146.3520451693852,128.95170691090757,797,0,0,0
max_pressure,800,8,800,787,73.49301143583227,150.5159212198221,133.9600333055787,787,0,0,0
max_pressure,800,9,800,800,67.05125,134.6562375,122.19733555370524,800,0,0,0
max_pressure,1000,0,1000,930,196.76774193548388,367.8054946236559,272.9167360532889,930,0,0,0
max_pressure,1000,1,1000,935,149.57326203208555,311.4729304812834,260.24562864279767,935,0,0,0
max_pressure,1000,2,1000,726,236.35537190082644,392.6510055096419,287.1207327227311,879,0,0,0
max_pressure,1000,3,1000,459,234.61873638344227,351.6654684095861,338.5120732722731,836,0,0,0
max_pressure,1000,4,1000,932,164.16309012875536,310.83746781115883,246.95004163197336,932,0,0,0
max_pressure,1000,5,1000,937,154.74493062966917,302.0483137673426,240.3022481265612,937,0,0,0
max_pressure,1000,6,1000,637,222.71899529042386,367.9905023547881,305.57785179017486,895,0,0,0
max_pressure,1000,7,1000,924,134.1504329004329,273.47612554112555,227.54288093255622,924,0,0,0
max_pressure,1000,8,1000,920,147.1108695652174,309.52277173913046,252.51623646960866,920,0,0,0
max_pressure,1000,9,1000,635,171.6267716535433,290.71894488188974,271.5961698584513,911,0,0,0
max_pressure,1300,0,1300,282,111.2482269503546,204.4617730496454,433.3788509575354,854,0,0,0
max_pressure,1300,1,1300,250,94.688,174.8166,439.0391340549542,828,0,0,0
max_pressure,1300,2,1300,304,135.30921052631578,238.75480263157897,432.9558701082431,869,0,0,0
max_pressure,1300,3,1300,249,80.6144578313253,160.69385542168672,450.6527893422148,835,0,0,0
max_pressure,1300,4,1300,340,112.46764705882353,208.32750000000001,413.5795170691091,887,0,0,0
max_pressure,1300,5,1300,315,92.31428571428572,180.96069841269843,427.04329725228973,888,0,0,0
max_pressure,1300,6,1300,296,103.375,197.0670945945946,427.3105745212323,855,0,0,0
max_pressure,1300,7,1300,287,97.87108013937282,181.7849825783972,429.8393005828476,855,0,0,0
max_pressure,1300,8,1300,347,95.57636887608069,185.68544668587896,423.72522897585344,912,0,0,0
max_pressure,1300,9,1300,348,106.36206896551724,207.02977011494252,415.4171523730225,914,0,0,0
max_pressure,1700,0,1700,150,99.60666666666667,173.61046666666667,512.1282264779351,755,0,0,0
max_pressure,1700,1,1700,150,80.14,151.20953333333333,521.7885095753538,756,0,0,0
max_pressure,1700,2,1700,129,119.75193798449612,198.4422480620155,531.8168193172356,732,0,0,0
max_pressure,1700,3,1700,164,55.28658536585366,110.67609756097562,517.0757701915071,769,0,0,0
max_pressure,1700,4,1700,157,81.07643312101911,154.9084713375796,517.0174854288093,763,0,0,0
max_pressure,1700,5,1700,145,60.19310344827586,115.83551724137932,521.2980849292256,750,0,0,0
max_pressure,1700,6,1700,173,79.35838150289017,156.43213872832368,520.9267277268942,777,0,0,0
max_pressure,1700,7,1700,179,77.36312849162012,153.2654189944134,512.8859283930059,783,0,0,0
max_pressure,1700,8,1700,242,98.2107438016529,189.13243801652894,500.43963363863446,846,0,0,0
max_pressure,1700,9,1700,176,87.78977272727273,173.04880681818182,521.2497918401332,783,0,0,0
qlearning,50,0,50,50,12.26,30.838800000000003,3.758534554537885,50,0,0,0
qlearning,50,1,50,50,7.48,24.1448,3.7352206494587845,50,0,0,0
qlearning,50,2,50,50,10.86,28.7558,3.7643630308076603,50,0,0,0
qlearning,50,3,50,50,8.34,24.7432,3.5262281432139884,50,0,0,0
qlearning,50,4,50,50,10.62,28.6888,3.6511240632805997,50,0,0,0
qlearning,50,5,50,50,8.34,24.9648,3.1923397169025813,50,0,0,0
qlearning,50,6,50,50,11.84,29.027199999999997,3.3838467943380515,50,0,0,0
qlearning,50,7,50,50,15.18,32.5598,3.7593671940049957,50,0,0,0
qlearning,50,8,50,50,8.12,24.485599999999998,3.3472106577851792,50,0,0,0
qlearning,50,9,50,50,12.32,31.3596,3.4621149042464614,50,0,0,0
qlearning,100,0,100,100,8.94,26.9591,6.877601998334721,100,0,0,0
qlearning,100,1,100,100,9.02,27.3902,7.4937552039966695,100,0,0,0
qlearning,100,2,100,100,8.41,25.5107,6.825145711906744,100,0,0,0
qlearning,100,3,100,100,8.92,26.671300000000002,7.030807660283098,100,0,0,0
qlearning,100,4,100,100,8.3,25.9328,7.113238967527061,100,0,0,0
qlearning,100,5,100,100,8.24,26.098000000000003,6.915903413821815,100,0,0,0
qlearning,100,6,100,100,10.86,29.153499999999998,7.094920899250624,100,0,0,0
qlearning,100,7,100,100,9.15,27.5875,7.150707743547044,100,0,0,0
qlearning,100,8,100,100,11.04,27.7915,6.810158201498751,100,0,0,0
qlearning,100,9,100,100,11.58,30.0762,6.869275603663613,100,0,0,0
qlearning,200,0,200,200,11.285,30.914749999999998,14.350541215653623,200,0,0,0
qlearning,200,1,200,200,10.765,31.1331,14.624479600333055,200,0,0,0
qlearning,200,2,200,200,9.485,28.1439,14.230641132389675,200,0,0,0
qlearning,200,3,200,200,10.485,29.2035,14.175686927560367,200,0,0,0
qlearning,200,4,200,200,8.43,26.4098,14.069941715237302,200,0,0,0
qlearning,200,5,200,200,9.965,28.3081,14.129891756869275,200,0,0,0
qlearning,200,6,200,200,10.185,29.26435,14.178184845961699,200,0,0,0
qlearning,200,7,200,200,10.92,30.758899999999997,14.64113238967527,200,0,0,0
qlearning,200,8,200,200,10.76,29.756700000000002,14.339716902581182,200,0,0,0
qlearning,200,9,200,200,10.625,29.3682,13.421315570358034,200,0,0,0
qlearning,300,0,300,300,11.483333333333333,31.915033333333334,22.243963363863447,300,0,0,0
qlearning,300,1,300,300,11.903333333333334,32.46926666666667,22.322231473771858,300,0,0,0
qlearning,300,2,300,300,11.426666666666666,31.426799999999997,21.907577019150708,300,0,0,0
qlearning,300,3,300,300,11.153333333333334,31.680033333333334,21.862614487926727,300,0,0,0
qlearning,300,4,300,300,11.066666666666666,31.42243333333333,21.88676103247294,300,0,0,0
qlearning,300,5,300,300,11.403333333333334,30.975466666666666,21.645295587010825,300,0,0,0
qlearning,300,6,300,300,11.92,32.284866666666666,21.938384679433806,300,0,0,0
qlearning,300,7,300,300,9.773333333333333,29.621733333333335,21.016652789342213,300,0,0,0
qlearning,300,8,300,300,12.39,33.10043333333333,22.16819317235637,300,0,0,0
qlearning,300,9,300,300,10.876666666666667,30.135833333333334,20.298084929225645,300,0,0,0
qlearning,450,0,450,450,15.786666666666667,39.4038,35.81265611990008,450,0,0,0
qlearning,450,1,450,450,14.155555555555555,37.76882222222223,34.94671107410491,450,0,0,0
qlearning,450,2,450,450,14.017777777777777,37.1662,35.328059950041634,450,0,0,0
qlearning,450,3,450,450,14.797777777777778,38.915488888888895,35.41382181515404,450,0,0,0
qlearning,450,4,450,450,14.78,37.91702222222222,34.5661948376353,450,0,0,0
qlearning,450,5,450,450,13.06,35.23268888888889,33.441298917568695,450,0,0,0
qlearning,450,6,450,450,15.78888888888889,39.30435555555555,36.02081598667777,450,0,0,0
qlearning,450,7,450,450,16.024444444444445,39.93333333333333,34.655287260616156,450,0,0,0
qlearning,450,8,450,450,14.0,36.7632,34.62864279766861,450,0,0,0
qlearning,450,9,450,450,14.702222222222222,37.73768888888889,33.59034138218151,450,0,0,0
qlearning,600,0,600,600,26.44,59.60471666666667,58.01165695253955,600,0,0,0
qlearning,600,1,600,600,23.69,54.28915,54.2947543713572,600,0,0,0
qlearning,600,2,600,600,29.828333333333333,66.31795,61.42131557035803,600,0,0,0
qlearning,600,3,600,600,29.18,63.8496,59.208159866777684,600,0,0,0
qlearning,600,4,600,600,21.816666666666666,50.054766666666666,52.20233139050791,600,0,0,0
qlearning,600,5,600,600,21.608333333333334,50.559266666666666,51.52622814321399,600,0,0,0
qlearning,600,6,600,600,26.391666666666666,57.989399999999996,56.54870940882598,600,0,0,0
qlearning,600,7,600,600,19.003333333333334,46.197633333333336,49.796003330557866,600,0,0,0
qlearning,600,8,600,600,26.578333333333333,59.979749999999996,57.2248126561199,600,0,0,0
qlearning,600,9,600,600,23.06,53.80956666666667,51.56203164029975,600,0,0,0
qlearning,800,0,800,797,74.79171894604768,152.3714680050188,135.6186511240633,797,0,0,0
qlearning,800,1,800,799,47.34918648310388,103.30246558197747,105.20399666944213,799,0,0,0
qlearning,800,2,800,779,89.03722721437741,182.96802310654684,147.99417152373022,779,0,0,0
qlearning,800,3,800,781,86.08066581306018,177.4100128040973,149.87343880099917,781,0,0,0
qlearning,800,4,800,794,52.1095717884131,113.06933249370277,110.47793505412156,794,0,0,0
qlearning,800,5,800,798,67.01378446115288,138.20621553884712,127.26477935054122,798,0,0,0
qlearning,800,6,800,797,73.26223337515684,154.8089836888331,139.67776852622814,797,0,0,0
qlearning,800,7,800,798,62.17919799498747,128.05486215538846,118.25728559533722,798,0,0,0
qlearning,800,8,800,788,66.18527918781726,137.87446700507616,125.20399666944213,788,0,0,0
qlearning,800,9,800,780,79.46666666666667,156.89116666666666,132.87260616153205,780,0,0,0
qlearning,1000,0,1000,521,97.6852207293666,183.48046065259118,260.39217318900916,868,0,0,0
qlearning,1000,1,1000,883,190.75084937712344,345.84764439411094,259.7277268942548,907,0,0,0
qlearning,1000,2,1000,747,201.47791164658634,349.2619946452476,269.30474604496254,874,0,0,0
qlearning,1000,3,1000,381,75.31233595800525,141.72503937007875,313.7377185678601,808,0,0,0
qlearning,1000,4,1000,912,150.84429824561403,302.1980372807017,249.41382181515405,912,0,0,0
qlearning,1000,5,1000,702,169.75783475783476,282.3023789173789,252.8059950041632,912,0,0,0
qlearning,1000,6,1000,546,139.07142857142858,236.21018315018313,284.714404662781,891,0,0,0
qlearning,1000,7,1000,914,150.0098468271335,297.0096498905908,233.56119900083263,914,0,0,0
qlearning,1000,8,1000,809,200.3114956736712,346.7395920889988,269.7268942547877,907,0,0,0
qlearning,1000,9,1000,907,187.16207276736495,342.8793825799338,250.63946711074104,915,0,0,0
qlearning,1300,0,1300,280,108.64642857142857,199.12035714285713,430.94004995836804,849,0,0,0
qlearning,1300,1,1300,247,70.63967611336032,141.9223886639676,428.12656119900083,817,0,0,0
qlearning,1300,2,1300,280,106.30714285714286,195.56067857142855,425.5004163197336,826,0,0,0
qlearning,1300,3,1300,241,75.70954356846472,143.68746887966805,448.6286427976686,826,0,0,0
qlearning,1300,4,1300,354,96.63559322033899,187.8757344632768,413.3097418817652,915,0,0,0
qlearning,1300,5,1300,286,94.53146853146853,168.02751748251748,423.6519567027477,848,0,0,0
qlearning,1300,6,1300,321,101.6386292834891,195.04454828660437,409.0008326394671,869,0,0,0
qlearning,1300,7,1300,357,100.63025210084034,190.1686554621849,410.7843463780183,907,0,0,0
qlearning,1300,8,1300,383,85.64490861618799,165.1884595300261,402.19483763530394,927,0,0,0
qlearning,1300,9,1300,349,101.84240687679083,194.69157593123208,401.51540383014157,896,0,0,0
qlearning,1700,0,1700,153,75.73202614379085,145.3307843137255,517.3463780183181,758,0,0,0
qlearning,1700,1,1700,164,55.56707317073171,115.31792682926829,511.5811823480433,770,0,0,0
qlearning,1700,2,1700,146,79.84246575342466,147.9636301369863,520.8284762697751,744,0,0,0
qlearning,1700,3,1700,167,56.17964071856287,110.4131137724551,515.4454621149042,771,0,0,0
qlearning,1700,4,1700,174,75.45402298850574,145.96166666666664,505.94671107410494,775,0,0,0
qlearning,1700,5,1700,171,63.654970760233915,117.08929824561403,509.28393005828474,775,0,0,0
qlearning,1700,6,1700,200,80.19,154.39065,506.2398001665279,803,0,0,0
qlearning,1700,7,1700,172,79.19186046511628,145.67133720930232,518.1099084096586,777,0,0,0
qlearning,1700,8,1700,190,79.98947368421052,145.95426315789476,505.1798501248959,793,0,0,0
qlearning,1700,9,1700,170,79.60588235294118,151.72011764705883,523.1498751040799,777,0,0,0
pgql,50,0,50,50,6.26,24.0524,3.4904246461282264,50,658,408,118
pgql,50,1,50,50,7.26,24.7692,3.7643630308076603,50,634,390,131
pgql,50,2,50,50,6.82,23.8096,3.5895087427144046,50,648,394,119
pgql,50,3,50,50,6.92,23.336199999999998,3.4462947543713573,50,638,393,107
pgql,50,4,50,50,5.52,23.6904,3.4662781015820148,50,683,408,116
pgql,50,5,50,50,6.64,23.527600000000003,3.1523730224812656,50,660,378,126
pgql,50,6,50,50,6.48,22.7246,3.1465445462114903,50,706,426,122
pgql,50,7,50,50,5.64,22.3386,3.353871773522065,50,648,386,124
pgql,50,8,50,50,5.62,21.2284,3.215653621981682,50,653,390,122
pgql,50,9,50,50,7.54,24.8546,3.1690258118234804,50,629,359,134
pgql,100,0,100,100,6.9,25.0112,6.714404662781016,100,577,386,99
pgql,100,1,100,100,6.92,25.5328,7.31473771856786,100,572,405,115
pgql,100,2,100,100,7.5,25.632600000000004,6.843463780183181,100,575,374,108
pgql,100,3,100,100,6.77,24.249200000000002,6.8417985012489595,100,591,393,115
pgql,100,4,100,100,6.43,24.0773,6.9983347210657785,100,574,409,99
pgql,100,5,100,100,7.37,25.709699999999998,6.924229808492923,100,549,419,109
pgql,100,6,100,100,6.87,24.819900000000004,6.76436303080766,100,580,427,98
pgql,100,7,100,100,7.87,26.4048,7.065778517901749,100,582,410,87
pgql,100,8,100,100,6.52,23.1125,6.452123230641132,100,585,388,117
pgql,100,9,100,100,7.52,25.3302,6.467110741049126,100,534,408,111
pgql,200,0,200,200,8.35,27.06435,13.716902581182348,200,475,387,98
pgql,200,1,200,200,7.985,27.704349999999998,14.052456286427976,200,440,400,99
pgql,200,2,200,200,7.34,25.5996,13.847626977518734,200,442,399,100
pgql,200,3,200,200,8.205,27.075149999999997,13.858451290591175,200,426,429,88
pgql,200,4,200,200,7.28,25.2786,13.871773522064945,200,446,448,75
pgql,200,5,200,200,7.3,25.3217,13.67360532889259,200,454,430,89
pgql,200,6,200,200,8.86,27.70865,13.930890924229809,200,424,442,105
pgql,200,7,200,200,7.65,26.5651,13.950041631973356,200,468,418,100
pgql,200,8,200,200,8.03,26.5313,13.838467943380516,200,439,408,81
pgql,200,9,200,200,7.775,26.238249999999997,12.839300582847628,200,452,411,89
pgql,300,0,300,300,10.636666666666667,31.1886,22.047460449625312,300,315,427,89
pgql,300,1,300,300,9.543333333333333,29.877233333333333,21.704412989175687,300,385,423,71
pgql,300,2,300,300,9.726666666666667,29.621266666666664,21.669442131557037,300,337,428,79
pgql,300,3,300,300,10.503333333333334,31.082533333333334,21.771856786011657,300,335,454,51
pgql,300,4,300,300,10.043333333333333,29.78066666666667,21.692756036636137,300,332,466,79
pgql,300,5,300,300,10.316666666666666,30.4631,21.489592006661116,300,348,447,66
pgql,300,6,300,300,8.623333333333333,28.468933333333336,20.92089925062448,300,361,443,81
pgql,300,7,300,300,9.38,29.342399999999998,20.900083263946712,300,387,410,88
pgql,300,8,300,300,9.093333333333334,28.467366666666663,20.95753538717735,300,343,444,50
pgql,300,9,300,300,8.93,28.044666666666664,19.902581182348044,300,348,440,77
pgql,450,0,450,450,14.302222222222222,37.886,35.217318900915906,450,220,443,59
pgql,450,1,450,450,12.806666666666667,36.098555555555556,34.1082431307244,450,222,465,57
pgql,450,2,450,450,14.853333333333333,38.677933333333335,35.86261448792673,450,250,403,61
pgql,450,3,450,450,14.28,38.29775555555556,35.253122398001665,450,259,439,64
pgql,450,4,450,450,14.262222222222222,37.05315555555555,34.34804329725229,450,225,467,51
pgql,450,5,450,450,12.564444444444444,34.72537777777778,33.184845961698585,450,242,442,51
pgql,450,6,450,450,14.826666666666666,38.5694,35.80766028309742,450,221,447,60
pgql,450,7,450,450,13.657777777777778,36.72637777777778,33.502914238134885,450,247,460,64
pgql,450,8,450,450,13.953333333333333,36.6148,34.59866777685262,450,256,466,63
pgql,450,9,450,450,13.842222222222222,36.35386666666667,32.909242298084926,450,235,445,45
pgql,600,0,600,600,34.458333333333336,70.22223333333332,62.90341382181516,600,211,478,120
pgql,600,1,600,600,26.511666666666667,58.2101,56.73688592839301,600,171,450,58
pgql,600,2,600,600,23.401666666666667,55.35253333333333,56.07993338884263,600,160,453,57
pgql,600,3,600,600,24.216666666666665,54.2699,54.669442131557034,600,147,455,50
pgql,600,4,600,600,19.536666666666665,46.64676666666667,50.79766860949209,600,157,471,51
pgql,600,5,600,600,25.56,55.482400000000005,53.847626977518736,600,168,446,56
pgql,600,6,600,600,20.946666666666665,50.241299999999995,52.75020815986678,600,155,467,41
pgql,600,7,600,600,23.035,53.900133333333336,53.68526228143214,600,169,451,76
pgql,600,8,600,600,22.973333333333333,52.658166666666666,53.6278101582015,600,200,435,63
pgql,600,9,600,600,22.723333333333333,53.201566666666665,51.265611990008324,600,168,454,57
pgql,800,0,800,794,75.05037783375315,152.90785894206547,135.6586178184846,794,172,469,117
pgql,800,1,800,789,68.43346007604563,141.78231939163499,127.72939217318901,789,190,430,115
pgql,800,2,800,775,90.49677419354839,189.0820387096774,153.16819317235638,775,217,456,123
pgql,800,3,800,787,82.49428208386277,171.52185514612455,147.51540383014154,787,173,436,142
pgql,800,4,800,799,52.292866082603254,110.05838548185231,109.86594504579517,799,159,451,89
pgql,800,5,800,794,64.86146095717883,134.12652392947103,123.97418817651956,794,145,483,97
pgql,800,6,800,798,72.80952380952381,154.05651629072682,139.06827643630308,798,137,479,83
pgql,800,7,800,793,64.09709962168978,130.60389659520806,118.86594504579517,793,181,475,98
pgql,800,8,800,790,76.35063291139241,157.45373417721518,137.5745212323064,790,188,447,113
pgql,800,9,800,797,65.38393977415308,133.7586574654956,121.29225645295587,797,166,476,98
pgql,1000,0,1000,534,125.66104868913858,234.89898876404493,282.12572855953374,895,155,792,83
pgql,1000,1,1000,897,202.81828316610924,387.6364102564102,279.73189009159034,916,105,601,141
pgql,1000,2,1000,885,213.60112994350283,394.0369943502825,276.3322231473772,888,196,597,141
pgql,1000,3,1000,372,74.27688172043011,148.41481182795698,321.2414654454621,811,227,715,96
pgql,1000,4,1000,931,101.7282491944146,223.3199462943072,210.29142381348876,931,111,466,140
pgql,1000,5,1000,928,120.22413793103448,264.97908405172416,228.97169025811823,928,135,503,129
pgql,1000,6,1000,879,231.11262798634812,398.4624004550626,276.95753538717736,902,146,665,113
pgql,1000,7,1000,905,158.9790055248619,319.7092596685083,251.25895087427145,905,121,594,143
pgql,1000,8,1000,907,140.2028665931643,294.5129988974642,240.6361365528726,907,147,519,109
pgql,1000,9,1000,919,128.42328618063112,280.0608922742111,233.91257285595339,919,154,556,123
pgql,1300,0,1300,276,95.5072463768116,185.15192028985507,428.64779350541215,849,81,886,107
pgql,1300,1,1300,252,77.73809523809524,156.73944444444444,429.0907577019151,824,66,903,104
pgql,1300,2,1300,292,112.41438356164383,202.57092465753425,428.17651956702747,853,127,897,94
pgql,1300,3,1300,251,70.65338645418326,145.29832669322707,445.1606994171524,832,67,978,73
pgql,1300,4,1300,374,104.524064171123,198.51729946524065,396.8825978351374,908,77,924,75
pgql,1300,5,1300,300,76.85666666666667,149.64333333333335,426.11074104912575,875,60,944,75
pgql,1300,6,1300,351,93.01424501424502,196.480056980057,412.3971690258118,916,62,888,91
pgql,1300,7,1300,384,104.94010416666667,200.52114583333332,396.3064113238967,924,56,905,77
pgql,1300,8,1300,339,87.96755162241888,165.26758112094396,417.473771856786,900,89,890,105
pgql,1300,9,1300,350,97.73142857142857,191.76662857142858,407.01165695253957,902,38,901,94
pgql,1700,0,1700,151,70.96026490066225,134.3624503311258,507.81598667776854,755,46,973,100
pgql,1700,1,1700,156,57.52564102564103,121.36942307692308,513.9633638634472,760,63,1019,71
pgql,1700,2,1700,161,102.8944099378882,187.69546583850934,517.2389675270608,766,41,990,85
pgql,1700,3,1700,189,69.71428571428571,139.81915343915344,515.1207327227311,793,52,1003,69
pgql,1700,4,1700,191,83.53403141361257,157.04649214659688,506.8825978351374,792,39,1032,68
pgql,1700,5,1700,157,62.71337579617835,120.0099363057325,513.4396336386345,761,51,1030,77
pgql,1700,6,1700,205,83.94634146341464,167.17736585365853,510.007493755204,810,59,995,74
pgql,1700,7,1700,210,71.30952380952381,148.2107619047619,507.8318068276436,812,48,1022,80
pgql,1700,8,1700,216,74.14351851851852,143.7725925925926,498.61448792672775,819,43,990,85
pgql,1700,9,1700,181,100.85635359116021,179.75519337016573,517.8051623646961,790,56,1007,71
